restaurant_franchise_id,Erroneous data,Medium order,Small order,Tiny order,most_popular_order_type
22875,1207,6969,2389,1190,Medium order
76199,1254,7575,2541,1312,Medium order
23242,2771,16453,5526,2762,Medium order
80392,1564,9825,3324,1594,Medium order
48721,980,5497,1833,930,Medium order
58574,1054,6504,2138,1033,Medium order
5034,1877,11341,3786,1947,Medium order
62927,1284,7407,2524,1307,Medium order
17484,1301,7638,2502,1244,Medium order
73942,1537,9151,2930,1476,Medium order
78270,1731,9943,3300,1610,Medium order
44516,1352,7885,2595,1357,Medium order
18235,1557,9209,3002,1535,Medium order
29989,1927,11577,3835,1950,Medium order
49283,2177,12779,4322,2132,Medium order
99501,1892,11102,3719,1944,Medium order
85945,1728,10593,3583,1784,Medium order
95123,1647,9745,3243,1647,Medium order
40542,1768,10518,3379,1686,Medium order
70700,2189,13218,4338,2157,Medium order
1672,1235,7489,2425,1196,Medium order
21234,1721,10606,3521,1713,Medium order
28451,1405,8321,2844,1384,Medium order
63415,1388,8321,2798,1413,Medium order
71667,1620,9733,3261,1537,Medium order
87979,1594,9407,3135,1580,Medium order
30694,2483,15001,5123,2538,Medium order
66775,1761,10524,3490,1747,Medium order
69842,1811,10765,3628,1776,Medium order
1670,1341,7686,2493,1322,Medium order
6723,2142,12816,4176,2079,Medium order
14894,2119,12960,4342,2070,Medium order
